Workbook

Sheet Employee_Performance
A1: Employee_ID | B1: Name | C1: Department | D1: Role | E1: Performance_Rating (1–5) | F1: Targets_Assigned | G1: Targets_Achieved | H1: Hours_Worked | I1: Billable_Hours | J1: Training_Hours | K1: Manager_Feedback (Qualitative) | L1: Utilization % | M1: Target Achievement % | N1: Training_Hours_Category | O1: Performance Category | P1: Productivity Category | Q1: Manager | R1: Review Month
A2: EMP0001 | B2: Employee 001 | C2: Product | D2: Product Analyst | E2: 2 | F2: 17 | G2: 10 | H2: 180 | I2: 103 | J2: 20 | K2: Requires additional coaching to improve work quality and completion rates. | L2: =IFERROR(I2/H2,0) -> 0.57222222 | M2: =IFERROR(G2/F2,0) -> 0.58823529 | N2: =IF(J2<10,"Low",IF(J2<=20,"Medium","High")) -> Medium | O2: =IF(AND(E2>=4,L2>=80%),"Star Performer",IF(E2>=3,"Meets Expectations","Needs Improvement")) -> Needs Improvement | P2: =IF(M2>=90%,"High Productivity",IF(M2>=60%,"Medium Productivity","Low Productivity")) -> Low Productivity | Q2: =IF(C2="Sales","Arjun Mehta",IF(C2="Marketing","Priya Nair",IF(C2="Finance","Rahul Sharma",IF(C2="HR","Ananya Iyer",IF(C2="Operations","Vikram Rao",IF(C2="IT","Karthik Menon",IF(C2="Product","Neha Kapoor","Rohan Verma"))))))) -> Neha Kapoor | R2: =DATE(2026,MOD(ROW()-2,12)+1,1) -> 46023
A3: EMP0002 | B3: Employee 002 | C3: IT | D3: Software Engineer | E3: 5 | F3: 21 | G3: 22 | H3: 170 | I3: 108 | J3: 9 | K3: Outstanding performer who sets a strong example in quality, delivery and collaboration. | L3: =IFERROR(I3/H3,0) -> 0.63529412 | M3: =IFERROR(G3/F3,0) -> 1.047619 | N3: =IF(J3<10,"Low",IF(J3<=20,"Medium","High")) -> Low | O3: =IF(AND(E3>=4,L3>=80%),"Star Performer",IF(E3>=3,"Meets Expectations","Needs Improvement")) -> Meets Expectations | P3: =IF(M3>=90%,"High Productivity",IF(M3>=60%,"Medium Productivity","Low Productivity")) -> High Productivity | Q3: =IF(C3="Sales","Arjun Mehta",IF(C3="Marketing","Priya Nair",IF(C3="Finance","Rahul Sharma",IF(C3="HR","Ananya Iyer",IF(C3="Operations","Vikram Rao",IF(C3="IT","Karthik Menon",IF(C3="Product","Neha Kapoor","Rohan Verma"))))))) -> Karthik Menon | R3: =DATE(2026,MOD(ROW()-2,12)+1,1) -> 46054
A4: EMP0003 | B4: Employee 003 | C4: IT | D4: Systems Analyst | E4: 4 | F4: 12 | G4: 11 | H4: 175 | I4: 134 | J4: 9 | K4: Demonstrates reliable delivery and contributes positively to team objectives. | L4: =IFERROR(I4/H4,0) -> 0.76571429 | M4: =IFERROR(G4/F4,0) -> 0.91666667 | N4: =IF(J4<10,"Low",IF(J4<=20,"Medium","High")) -> Low | O4: =IF(AND(E4>=4,L4>=80%),"Star Performer",IF(E4>=3,"Meets Expectations","Needs Improvement")) -> Meets Expectations | P4: =IF(M4>=90%,"High Productivity",IF(M4>=60%,"Medium Productivity","Low Productivity")) -> High Productivity | Q4: =IF(C4="Sales","Arjun Mehta",IF(C4="Marketing","Priya Nair",IF(C4="Finance","Rahul Sharma",IF(C4="HR","Ananya Iyer",IF(C4="Operations","Vikram Rao",IF(C4="IT","Karthik Menon",IF(C4="Product","Neha Kapoor","Rohan Verma"))))))) -> Karthik Menon | R4: =DATE(2026,MOD(ROW()-2,12)+1,1) -> 46082
A5: EMP0004 | B5: Employee 004 | C5: Operations | D5: Operations Executive | E5: 2 | F5: 13 | G5: 9 | H5: 185 | I5: 112 | J5: 15 | K5: Shows potential but needs better time management and target achievement. | L5: =IFERROR(I5/H5,0) -> 0.60540541 | M5: =IFERROR(G5/F5,0) -> 0.69230769 | N5: =IF(J5<10,"Low",IF(J5<=20,"Medium","High")) -> Medium | O5: =IF(AND(E5>=4,L5>=80%),"Star Performer",IF(E5>=3,"Meets Expectations","Needs Improvement")) -> Needs Improvement | P5: =IF(M5>=90%,"High Productivity",IF(M5>=60%,"Medium Productivity","Low Productivity")) -> Medium Productivity | Q5: =IF(C5="Sales","Arjun Mehta",IF(C5="Marketing","Priya Nair",IF(C5="Finance","Rahul Sharma",IF(C5="HR","Ananya Iyer",IF(C5="Operations","Vikram Rao",IF(C5="IT","Karthik Menon",IF(C5="Product","Neha Kapoor","Rohan Verma"))))))) -> Vikram Rao | R5: =DATE(2026,MOD(ROW()-2,12)+1,1) -> 46113
A6: EMP0005 | B6: Employee 005 | C6: HR | D6: HR Analyst | E6: 4 | F6: 19 | G6: 17 | H6: 175 | I6: 52 | J6: 11 | K6: Strong performance with good target achievement, quality and collaboration. | L6: =IFERROR(I6/H6,0) -> 0.29714286 | M6: =IFERROR(G6/F6,0) -> 0.89473684 | N6: =IF(J6<10,"Low",IF(J6<=20,"Medium","High")) -> Medium | O6: =IF(AND(E6>=4,L6>=80%),"Star Performer",IF(E6>=3,"Meets Expectations","Needs Improvement")) -> Meets Expectations | P6: =IF(M6>=90%,"High Productivity",IF(M6>=60%,"Medium Productivity","Low Productivity")) -> Medium Productivity | Q6: =IF(C6="Sales","Arjun Mehta",IF(C6="Marketing","Priya Nair",IF(C6="Finance","Rahul Sharma",IF(C6="HR","Ananya Iyer",IF(C6="Operations","Vikram Rao",IF(C6="IT","Karthik Menon",IF(C6="Product","Neha Kapoor","Rohan Verma"))))))) -> Ananya Iyer | R6: =DATE(2026,MOD(ROW()-2,12)+1,1) -> 46143
A7: EMP0006 | B7: Employee 006 | C7: IT | D7: Systems Analyst | E7: 3 | F7: 13 | G7: 11 | H7: 188 | I7: 112 | J7: 3 | K7: Performance is satisfactory; continued focus on quality and efficiency is recommended. | L7: =IFERROR(I7/H7,0) -> 0.59574468 | M7: =IFERROR(G7/F7,0) -> 0.84615385 | N7: =IF(J7<10,"Low",IF(J7<=20,"Medium","High")) -> Low | O7: =IF(AND(E7>=4,L7>=80%),"Star Performer",IF(E7>=3,"Meets Expectations","Needs Improvement")) -> Meets Expectations | P7: =IF(M7>=90%,"High Productivity",IF(M7>=60%,"Medium Productivity","Low Productivity")) -> Medium Productivity | Q7: =IF(C7="Sales","Arjun Mehta",IF(C7="Marketing","Priya Nair",IF(C7="Finance","Rahul Sharma",IF(C7="HR","Ananya Iyer",IF(C7="Operations","Vikram Rao",IF(C7="IT","Karthik Menon",IF(C7="Product","Neha Kapoor","Rohan Verma"))))))) -> Karthik Menon | R7: =DATE(2026,MOD(ROW()-2,12)+1,1) -> 46174
A8: EMP0007 | B8: Employee 007 | C8: Product | D8: Product Analyst | E8: 4 | F8: 18 | G8: 18 | H8: 151 | I8: 86 | J8: 8 | K8: Consistently exceeds expectations and demonstrates strong ownership of responsibilities. | L8: =IFERROR(I8/H8,0) -> 0.56953642 | M8: =IFERROR(G8/F8,0) -> 1 | N8: =IF(J8<10,"Low",IF(J8<=20,"Medium","High")) -> Low | O8: =IF(AND(E8>=4,L8>=80%),"Star Performer",IF(E8>=3,"Meets Expectations","Needs Improvement")) -> Meets Expectations | P8: =IF(M8>=90%,"High Productivity",IF(M8>=60%,"Medium Productivity","Low Productivity")) -> High Productivity | Q8: =IF(C8="Sales","Arjun Mehta",IF(C8="Marketing","Priya Nair",IF(C8="Finance","Rahul Sharma",IF(C8="HR","Ananya Iyer",IF(C8="Operations","Vikram Rao",IF(C8="IT","Karthik Menon",IF(C8="Product","Neha Kapoor","Rohan Verma"))))))) -> Neha Kapoor | R8: =DATE(2026,MOD(ROW()-2,12)+1,1) -> 46204
A9: EMP0008 | B9: Employee 008 | C9: Sales | D9: Business Development Executive | E9: 3 | F9: 12 | G9: 11 | H9: 188 | I9: 122 | J9: 13 | K9: Meets core expectations with consistent delivery across assigned responsibilities. | L9: =IFERROR(I9/H9,0) -> 0.64893617 | M9: =IFERROR(G9/F9,0) -> 0.91666667 | N9: =IF(J9<10,"Low",IF(J9<=20,"Medium","High")) -> Medium | O9: =IF(AND(E9>=4,L9>=80%),"Star Performer",IF(E9>=3,"Meets Expectations","Needs Improvement")) -> Meets Expectations | P9: =IF(M9>=90%,"High Productivity",IF(M9>=60%,"Medium Productivity","Low Productivity")) -> High Productivity | Q9: =IF(C9="Sales","Arjun Mehta",IF(C9="Marketing","Priya Nair",IF(C9="Finance","Rahul Sharma",IF(C9="HR","Ananya Iyer",IF(C9="Operations","Vikram Rao",IF(C9="IT","Karthik Menon",IF(C9="Product","Neha Kapoor","Rohan Verma"))))))) -> Arjun Mehta | R9: =DATE(2026,MOD(ROW()-2,12)+1,1) -> 46235
A10: EMP0009 | B10: Employee 009 | C10: Marketing | D10: Content Strategist | E10: 4 | F10: 18 | G10: 17 | H10: 192 | I10: 92 | J10: 6 | K10: Strong performance with good target achievement, quality and collaboration. | L10: =IFERROR(I10/H10,0) -> 0.47916667 | M10: =IFERROR(G10/F10,0) -> 0.94444444 | N10: =IF(J10<10,"Low",IF(J10<=20,"Medium","High")) -> Low | O10: =IF(AND(E10>=4,L10>=80%),"Star Performer",IF(E10>=3,"Meets Expectations","Needs Improvement")) -> Meets Expectations | P10: =IF(M10>=90%,"High Productivity",IF(M10>=60%,"Medium Productivity","Low Productivity")) -> High Productivity | Q10: =IF(C10="Sales","Arjun Mehta",IF(C10="Marketing","Priya Nair",IF(C10="Finance","Rahul Sharma",IF(C10="HR","Ananya Iyer",IF(C10="Operations","Vikram Rao",IF(C10="IT","Karthik Menon",IF(C10="Product","Neha Kapoor","Rohan Verma"))))))) -> Priya Nair | R10: =DATE(2026,MOD(ROW()-2,12)+1,1) -> 46266
A11: EMP0010 | B11: Employee 010 | C11: Customer Support | D11: Customer Support Executive | E11: 4 | F11: 19 | G11: 19 | H11: 152 | I11: 113 | J11: 9 | K11: Demonstrates reliable delivery and contributes positively to team objectives. | L11: =IFERROR(I11/H11,0) -> 0.74342105 | M11: =IFERROR(G11/F11,0) -> 1 | N11: =IF(J11<10,"Low",IF(J11<=20,"Medium","High")) -> Low | O11: =IF(AND(E11>=4,L11>=80%),"Star Performer",IF(E11>=3,"Meets Expectations","Needs Improvement")) -> Meets Expectations | P11: =IF(M11>=90%,"High Productivity",IF(M11>=60%,"Medium Productivity","Low Productivity")) -> High Productivity | Q11: =IF(C11="Sales","Arjun Mehta",IF(C11="Marketing","Priya Nair",IF(C11="Finance","Rahul Sharma",IF(C11="HR","Ananya Iyer",IF(C11="Operations","Vikram Rao",IF(C11="IT","Karthik Menon",IF(C11="Product","Neha Kapoor","Rohan Verma"))))))) -> Rohan Verma | R11: =DATE(2026,MOD(ROW()-2,12)+1,1) -> 46296
A12: EMP0011 | B12: Employee 011 | C12: Sales | D12: Sales Executive | E12: 3 | F12: 25 | G12: 29 | H12: 163 | I12: 89 | J12: 9 | K12: Meets core expectations with consistent delivery across assigned responsibilities. | L12: =IFERROR(I12/H12,0) -> 0.54601227 | M12: =IFERROR(G12/F12,0) -> 1.16 | N12: =IF(J12<10,"Low",IF(J12<=20,"Medium","High")) -> Low | O12: =IF(AND(E12>=4,L12>=80%),"Star Performer",IF(E12>=3,"Meets Expectations","Needs Improvement")) -> Meets Expectations | P12: =IF(M12>=90%,"High Productivity",IF(M12>=60%,"Medium Productivity","Low Productivity")) -> High Productivity | Q12: =IF(C12="Sales","Arjun Mehta",IF(C12="Marketing","Priya Nair",IF(C12="Finance","Rahul Sharma",IF(C12="HR","Ananya Iyer",IF(C12="Operations","Vikram Rao",IF(C12="IT","Karthik Menon",IF(C12="Product","Neha Kapoor","Rohan Verma"))))))) -> Arjun Mehta | R12: =DATE(2026,MOD(ROW()-2,12)+1,1) -> 46327
A13: EMP0012 | B13: Employee 012 | C13: Finance | D13: Finance Executive | E13: 5 | F13: 8 | G13: 8 | H13: 148 | I13: 59 | J13: 11 | K13: Exceptional performance with outstanding target achievement and strong business contribution. | L13: =IFERROR(I13/H13,0) -> 0.39864865 | M13: =IFERROR(G13/F13,0) -> 1 | N13: =IF(J13<10,"Low",IF(J13<=20,"Medium","High")) -> Medium | O13: =IF(AND(E13>=4,L13>=80%),"Star Performer",IF(E13>=3,"Meets Expectations","Needs Improvement")) -> Meets Expectations | P13: =IF(M13>=90%,"High Productivity",IF(M13>=60%,"Medium Productivity","Low Productivity")) -> High Productivity | Q13: =IF(C13="Sales","Arjun Mehta",IF(C13="Marketing","Priya Nair",IF(C13="Finance","Rahul Sharma",IF(C13="HR","Ananya Iyer",IF(C13="Operations","Vikram Rao",IF(C13="IT","Karthik Menon",IF(C13="Product","Neha Kapoor","Rohan Verma"))))))) -> Rahul Sharma | R13: =DATE(2026,MOD(ROW()-2,12)+1,1) -> 46357
... A241: EMP0240 | B241: Employee 240 | C241: Marketing | D241: Marketing Executive | E241: 3 | F241: 16 | G241: 13 | H241: 204 | I241: 130 | J241: 5 | K241: Performance is satisfactory; continued focus on quality and efficiency is recommended. | L241: =IFERROR(I241/H241,0) -> 0.6372549 | M241: =IFERROR(G241/F241,0) -> 0.8125 | N241: =IF(J241<10,"Low",IF(J241<=20,"Medium","High")) -> Low | O241: =IF(AND(E241>=4,L241>=80%),"Star Performer",IF(E241>=3,"Meets Expectations","Needs Improvement")) -> Meets Expectations | P241: =IF(M241>=90%,"High Productivity",IF(M241>=60%,"Medium Productivity","Low Productivity")) -> Medium Productivity | Q241: =IF(C241="Sales","Arjun Mehta",IF(C241="Marketing","Priya Nair",IF(C241="Finance","Rahul Sharma",IF(C241="HR","Ananya Iyer",IF(C241="Operations","Vikram Rao",IF(C241="IT","Karthik Menon",IF(C241="Product","Neha Kapoor","Rohan Verma"))))))) -> Priya Nair | R241: =DATE(2026,MOD(ROW()-2,12)+1,1) -> 46357

Sheet KPI_Calculations
A1: KPI | B1: Value
A2: Avg Performance Rating | B2: =AVERAGE(Employee_Performance!E2:E241) -> 3.3125
A3: High Performer % | B3: =COUNTIF(Employee_Performance!E2:E241,">=4")/COUNTA(Employee_Performance!A2:A241) -> 0.43333333
A4: Avg Utilization % | B4: =AVERAGE(Employee_Performance!L2:L241) -> 0.55354152
A5: Avg Target Achievement % | B5: =AVERAGE(Employee_Performance!M2:M241) -> 0.85240121
A6: Avg Training Hours per Employee | B6: =AVERAGE(Employee_Performance!J2:J241) -> 10.958333
